{
  "properties": {
    "connectionReferences": {
      "shared_approvals": {
        "runtimeSource": "invoker",
        "connection": {
          "connectionReferenceLogicalName": "mapa_sharedapprovals_68bd8"
        },
        "api": {
          "name": "shared_approvals"
        }
      },
      "shared_sharepointonline": {
        "runtimeSource": "invoker",
        "connection": {
          "connectionReferenceLogicalName": "bm_AbsenceManager"
        },
        "api": {
          "name": "shared_sharepointonline"
        }
      },
      "shared_office365": {
        "runtimeSource": "invoker",
        "connection": {
          "connectionReferenceLogicalName": "mapa_sharedoffice365_43bcd"
        },
        "api": {
          "name": "shared_office365"
        }
      }
    },
    "definition": {
      "$schema": "https://schema.management.azure.com/providers/Microsoft.Logic/schemas/2016-06-01/workflowdefinition.json#",
      "contentVersion": "1.0.0.0",
      "parameters": {
        "$connections": {
          "defaultValue": {},
          "type": "Object"
        },
        "$authentication": {
          "defaultValue": {},
          "type": "SecureObject"
        },
        "EmailAdmin (bm_EmailAdmin)": {
          "defaultValue": "BarbaraMirska@barbaramirska1.onmicrosoft.com",
          "type": "String",
          "metadata": {
            "schemaName": "bm_EmailAdmin"
          }
        },
        "AbsenceManager_Site1 (bm_AbsenceManager_Site1)": {
          "defaultValue": "https://barbaramirska1.sharepoint.com/sites/IssueTracker-test",
          "type": "String",
          "metadata": {
            "schemaName": "bm_AbsenceManager_Site1"
          }
        },
        "AbsenceManager_RequestList1 (bm_AbsenceManager_RequestList1)": {
          "defaultValue": "daff819e-f9e6-447b-a708-cb61a97f3a63",
          "type": "String",
          "metadata": {
            "schemaName": "bm_AbsenceManager_RequestList1"
          }
        }
      },
      "triggers": {
        "manual": {
          "metadata": {
            "operationMetadataId": "151bf0e9-f436-45f9-a1bc-1f89cac7ac7a"
          },
          "type": "Request",
          "kind": "PowerAppV2",
          "inputs": {
            "schema": {
              "type": "object",
              "properties": {
                "number": {
                  "title": "ID",
                  "type": "number",
                  "x-ms-dynamically-added": true,
                  "description": "Please enter a number",
                  "x-ms-content-hint": "NUMBER"
                }
              },
              "required": [
                "number"
              ]
            }
          }
        }
      },
      "actions": {
        "Start_and_wait_for_an_approval": {
          "runAfter": {},
          "metadata": {
            "operationMetadataId": "a7086eb2-4f15-4c31-863a-d4d59a169df0"
          },
          "type": "OpenApiConnectionWebhook",
          "inputs": {
            "host": {
              "connectionName": "shared_approvals",
              "operationId": "StartAndWaitForAnApproval",
              "apiId": "/providers/Microsoft.PowerApps/apis/shared_approvals"
            },
            "parameters": {
              "approvalType": "Basic",
              "WebhookApprovalCreationInput/title": "Please approve",
              "WebhookApprovalCreationInput/assignedTo": "@{parameters('EmailAdmin (bm_EmailAdmin)')};",
              "WebhookApprovalCreationInput/enableNotifications": true,
              "WebhookApprovalCreationInput/enableReassignment": true
            },
            "authentication": "@parameters('$authentication')"
          }
        },
        "Condition": {
          "actions": {
            "Update_item": {
              "runAfter": {},
              "metadata": {
                "operationMetadataId": "f16ad3e6-1824-4cd7-9cd8-72ef728fd621"
              },
              "type": "OpenApiConnection",
              "inputs": {
                "host": {
                  "connectionName": "shared_sharepointonline",
                  "operationId": "PatchItem",
                  "apiId": "/providers/Microsoft.PowerApps/apis/shared_sharepointonline"
                },
                "parameters": {
                  "dataset": "@parameters('AbsenceManager_Site1 (bm_AbsenceManager_Site1)')",
                  "table": "@parameters('AbsenceManager_RequestList1 (bm_AbsenceManager_RequestList1)')",
                  "id": "@triggerBody()['number']",
                  "item/Status/Value": "Approved"
                },
                "authentication": "@parameters('$authentication')"
              }
            },
            "Send_an_email_(V2)": {
              "runAfter": {
                "Update_item": [
                  "Succeeded"
                ]
              },
              "metadata": {
                "operationMetadataId": "a8be0b79-e6cb-426f-9fdc-07c89cfa5be2"
              },
              "type": "OpenApiConnection",
              "inputs": {
                "host": {
                  "connectionName": "shared_office365",
                  "operationId": "SendEmailV2",
                  "apiId": "/providers/Microsoft.PowerApps/apis/shared_office365"
                },
                "parameters": {
                  "emailMessage/To": "@outputs('Update_item')?['body/Person/Email']",
                  "emailMessage/Subject": "Your request was approved!",
                  "emailMessage/Body": "<p>Hi there,<br>\nYour request for day(s) off from @{outputs('Update_item')?['body/From']} to @{outputs('Update_item')?['body/To']} was approved by @{outputs('Update_item')?['body/Person/DisplayName']}<br>\nHave a nice day!</p>",
                  "emailMessage/Importance": "Normal"
                },
                "authentication": "@parameters('$authentication')"
              }
            }
          },
          "runAfter": {
            "Start_and_wait_for_an_approval": [
              "Succeeded"
            ]
          },
          "else": {
            "actions": {
              "Update_item_2": {
                "runAfter": {},
                "metadata": {
                  "operationMetadataId": "16e70588-35c6-490a-a80e-0f8666b3d299"
                },
                "type": "OpenApiConnection",
                "inputs": {
                  "host": {
                    "connectionName": "shared_sharepointonline",
                    "operationId": "PatchItem",
                    "apiId": "/providers/Microsoft.PowerApps/apis/shared_sharepointonline"
                  },
                  "parameters": {
                    "dataset": "@parameters('AbsenceManager_Site1 (bm_AbsenceManager_Site1)')",
                    "table": "@parameters('AbsenceManager_RequestList1 (bm_AbsenceManager_RequestList1)')",
                    "id": "@triggerBody()['number']",
                    "item/Status/Value": "Rejected"
                  },
                  "authentication": "@parameters('$authentication')"
                }
              },
              "Send_an_email_(V2)_2": {
                "runAfter": {
                  "Update_item_2": [
                    "Succeeded"
                  ]
                },
                "metadata": {
                  "operationMetadataId": "640edd21-3b86-4b8d-9747-d68c505c6a2c"
                },
                "type": "OpenApiConnection",
                "inputs": {
                  "host": {
                    "connectionName": "shared_office365",
                    "operationId": "SendEmailV2",
                    "apiId": "/providers/Microsoft.PowerApps/apis/shared_office365"
                  },
                  "parameters": {
                    "emailMessage/To": "@outputs('Update_item_2')?['body/Person/Email']",
                    "emailMessage/Subject": "Your request was rejected!",
                    "emailMessage/Body": "<p>Hi there,<br>\nYour request for day(s) off from @{outputs('Update_item_2')?['body/From']} to @{outputs('Update_item_2')?['body/To']} was rejected by @{outputs('Update_item_2')?['body/Approver3/DisplayName']},<br>\nPlease contact your manager!</p>",
                    "emailMessage/Importance": "Normal"
                  },
                  "authentication": "@parameters('$authentication')"
                }
              }
            }
          },
          "expression": {
            "equals": [
              "@outputs('Start_and_wait_for_an_approval')?['body/outcome']",
              "Approve"
            ]
          },
          "metadata": {
            "operationMetadataId": "0dabf6aa-fc80-4006-ba9c-7e2d34276459"
          },
          "type": "If"
        }
      }
    },
    "templateName": ""
  },
  "schemaVersion": "1.0.0.0"
}