<ImportExportXml xmlns:xsi="http://www.w3.org/2001/XMLSchema-instance" OrganizationVersion="9.2.25021.196" OrganizationSchemaType="Standard" CRMServerServiceabilityVersion="9.2.25021.00196">
  <Entities></Entities>
  <Roles></Roles>
  <Workflows>
    <Workflow WorkflowId="{2265f0e7-7bfa-ef11-bae2-000d3ab09154}" Name="ApproveManagerFlow">
      <JsonFileName>/Workflows/ApproveManagerFlow-2265F0E7-7BFA-EF11-BAE2-000D3AB09154.json</JsonFileName>
      <Type>1</Type>
      <Subprocess>0</Subprocess>
      <Category>5</Category>
      <Mode>0</Mode>
      <Scope>4</Scope>
      <OnDemand>0</OnDemand>
      <TriggerOnCreate>0</TriggerOnCreate>
      <TriggerOnDelete>0</TriggerOnDelete>
      <AsyncAutodelete>0</AsyncAutodelete>
      <SyncWorkflowLogOnFailure>0</SyncWorkflowLogOnFailure>
      <StateCode>1</StateCode>
      <StatusCode>2</StatusCode>
      <RunAs>1</RunAs>
      <IsTransacted>1</IsTransacted>
      <IntroducedVersion>1.0.0.10</IntroducedVersion>
      <IsCustomizable>1</IsCustomizable>
      <IsCustomProcessingStepAllowedForOtherPublishers>1</IsCustomProcessingStepAllowedForOtherPublishers>
      <PrimaryEntity>none</PrimaryEntity>
      <LocalizedNames>
        <LocalizedName languagecode="1033" description="ApproveManagerFlow" />
      </LocalizedNames>
    </Workflow>
  </Workflows>
  <FieldSecurityProfiles></FieldSecurityProfiles>
  <Templates />
  <EntityMaps />
  <EntityRelationships />
  <OrganizationSettings />
  <optionsets />
  <CustomControls />
  <EntityDataProviders />
  <CanvasApps>
    <CanvasApp>
      <Name>bm_absencemanagerportfoliosolution_1c24b</Name>
      <AppVersion>2025-03-06T11:18:00Z</AppVersion>
      <Status>Ready</Status>
      <CreatedByClientVersion>3.25023.6.0</CreatedByClientVersion>
      <MinClientVersion>3.25023.6.0</MinClientVersion>
      <Tags>{"primaryDeviceWidth":"1366","primaryDeviceHeight":"768","supportsPortrait":"true","supportsLandscape":"true","primaryFormFactor":"Tablet","showStatusBar":"false","publisherVersion":"3.25023.6","minimumRequiredApiVersion":"2.2.0","hasComponent":"true","hasUnlockedComponent":"false","isUnifiedRootApp":"false","sienaVersion":"20250306T084000Z-3.25023.6.0"}</Tags>
      <IsCdsUpgraded>0</IsCdsUpgraded>
      <GalleryItemId xsi:nil="true"></GalleryItemId>
      <BackgroundColor>RGBA(0,176,240,1)</BackgroundColor>
      <DisplayName>Absence Manager - Solution</DisplayName>
      <Description></Description>
      <CommitMessage></CommitMessage>
      <Publisher></Publisher>
      <AuthorizationReferences>[]</AuthorizationReferences>
      <ConnectionReferences>{"afaeeb5f-833b-4997-9375-472e5b5511f3":{"id":"/providers/microsoft.powerapps/apis/shared_sharepointonline","displayName":"SharePoint","iconUri":"https://conn-afd-prod-endpoint-bmc9bqahasf3grgk.b01.azurefd.net/releases/v1.0.1732/1.0.1732.4070/sharepointonline/icon.png","dataSources":["AbsenceManager_RequestList1","AbsenceManager_AbsTypesList1"],"dependencies":[],"dependents":["3ccec62e-c49f-4fe6-a470-497cff2fb233"],"parameterHints":{},"parameterHintsV2":{},"isOnPremiseConnection":false,"bypassConsent":false,"dataSets":{"https://barbaramirska1.sharepoint.com/sites/AbsenceManager_bm_AbsenceManager_Site1":{"datasetOverride":{"name":"https://barbaramirska1.sharepoint.com/sites/AbsenceManager","environmentVariableName":"bm_AbsenceManager_Site1"},"dataSources":{"AbsenceManager_RequestList1":{"tableName":"44e11a4f-65eb-499e-8d23-a40e50217e9e","tableNameOverride":{"name":"44e11a4f-65eb-499e-8d23-a40e50217e9e","environmentVariableName":"bm_AbsenceManager_RequestList1"}},"AbsenceManager_AbsTypesList1":{"tableName":"b56d0b02-ba28-4a08-8aec-a18bf8b5f48f","tableNameOverride":{"name":"b56d0b02-ba28-4a08-8aec-a18bf8b5f48f","environmentVariableName":"bm_AbsenceManager_AbsTypesList1"}}}}},"apiTier":"Standard","actions":["providers/PowerPlatform.Governance/Operations/Read","providers/PowerPlatform.Governance/Operations/Write"]},"65446f91-a2ff-428e-9e0b-d5448b584564":{"id":"/providers/microsoft.powerapps/apis/shared_office365","displayName":"Office 365 Outlook","iconUri":"https://conn-afd-prod-endpoint-bmc9bqahasf3grgk.b01.azurefd.net/releases/v1.0.1722/1.0.1722.3975/office365/icon.png","dataSources":["Office365Outlook"],"dependencies":[],"dependents":[],"parameterHints":{},"parameterHintsV2":{},"isOnPremiseConnection":false,"bypassConsent":false,"dataSets":{},"apiTier":"Standard"},"af6a2e85-4c7a-46c6-86ab-9167dea48dba":{"id":"/providers/microsoft.powerapps/apis/shared_office365users","displayName":"Office 365 Users","iconUri":"https://conn-afd-prod-endpoint-bmc9bqahasf3grgk.b01.azurefd.net/releases/v1.0.1732/1.0.1732.4070/office365users/icon.png","dataSources":["Office365Users"],"dependencies":[],"dependents":[],"parameterHints":{},"parameterHintsV2":{},"isOnPremiseConnection":false,"bypassConsent":false,"dataSets":{},"apiTier":"Standard","actions":["MyProfile_V2","Manager_V2"]},"3ccec62e-c49f-4fe6-a470-497cff2fb233":{"id":"/providers/microsoft.powerapps/apis/shared_logicflows","displayName":"Logic flows","iconUri":"https://conn-afd-prod-endpoint-bmc9bqahasf3grgk.b01.azurefd.net/releases/v1.0.1725/1.0.1725.4004/logicflows/icon.png","dataSources":["PowerAppV2-&gt;Startandwaitforanapproval,Condition,Updateitem,..."],"dependencies":["fb61265b-7b47-4281-943c-357c94b5e3c6","afaeeb5f-833b-4997-9375-472e5b5511f3"],"dependents":[],"parameterHints":{"workflowName":{"value":"73863f18-782f-496b-b15b-7884eaa0a377"},"workflowEntityId":{"value":"2265f0e7-7bfa-ef11-bae2-000d3ab09154"},"workflowDisplayName":{"value":"PowerAppV2 -&gt; Start and wait for an approval,Condition,Update item,..."},"fb61265b-7b47-4281-943c-357c94b5e3c6":{"value":"shared_approvals"},"afaeeb5f-833b-4997-9375-472e5b5511f3":{"value":"shared_sharepointonline"}},"parameterHintsV2":{"workflowName":{"value":"73863f18-782f-496b-b15b-7884eaa0a377"},"workflowEntityId":{"value":"2265f0e7-7bfa-ef11-bae2-000d3ab09154"},"workflowDisplayName":{"value":"PowerAppV2 -&gt; Start and wait for an approval,Condition,Update item,..."},"shared_approvals":{"value":"fb61265b-7b47-4281-943c-357c94b5e3c6"},"shared_sharepointonline":{"value":"afaeeb5f-833b-4997-9375-472e5b5511f3"}},"isOnPremiseConnection":false,"bypassConsent":false,"dataSets":{},"apiTier":"Standard","actions":["Run"]},"fb61265b-7b47-4281-943c-357c94b5e3c6":{"id":"/providers/microsoft.powerapps/apis/shared_approvals","displayName":"Approvals","iconUri":"https://conn-afd-prod-endpoint-bmc9bqahasf3grgk.b01.azurefd.net/releases/v1.0.1732/1.0.1732.4070/approvals/icon.png","dataSources":[],"dependencies":[],"dependents":["3ccec62e-c49f-4fe6-a470-497cff2fb233"],"parameterHints":{},"parameterHintsV2":{},"isOnPremiseConnection":false,"bypassConsent":false,"dataSets":{},"apiTier":"Standard"}}</ConnectionReferences>
      <DatabaseReferences>{}</DatabaseReferences>
      <AppComponents>[]</AppComponents>
      <AppComponentDependencies>[]</AppComponentDependencies>
      <CanConsumeAppPass>1</CanConsumeAppPass>
      <CanvasAppType>0</CanvasAppType>
      <BypassConsent>0</BypassConsent>
      <EmbeddedApp xsi:nil="true"></EmbeddedApp>
      <IntroducedVersion>1.0</IntroducedVersion>
      <CdsDependencies>{"cdsdependencies":[{"componenttype":380,"logicalname":"bm_AbsenceManager_Site1","componenttypeplatformname":"EnvironmentVariableDefinition"},{"componenttype":380,"logicalname":"bm_AbsenceManager_RequestList1","componenttypeplatformname":"EnvironmentVariableDefinition"},{"componenttype":380,"logicalname":"bm_AbsenceManager_AbsTypesList1","componenttypeplatformname":"EnvironmentVariableDefinition"}]}</CdsDependencies>
      <IsCustomizable>1</IsCustomizable>
      <BackgroundImageUri>/CanvasApps/bm_absencemanagerportfoliosolution_1c24b_BackgroundImageUri</BackgroundImageUri>
      <DocumentUri>/CanvasApps/bm_absencemanagerportfoliosolution_1c24b_DocumentUri.msapp</DocumentUri>
      <AdditionalUris>
        <AdditionalUri>/CanvasApps/bm_absencemanagerportfoliosolution_1c24b_AdditionalUris0_identity.json</AdditionalUri>
      </AdditionalUris>
    </CanvasApp>
  </CanvasApps>
  <connectionreferences>
    <connectionreference connectionreferencelogicalname="bm_365Users">
      <connectionreferencedisplayname>365Users</connectionreferencedisplayname>
      <connectorid>/providers/Microsoft.PowerApps/apis/shared_office365users</connectorid>
      <iscustomizable>1</iscustomizable>
      <promptingbehavior>0</promptingbehavior>
      <statecode>0</statecode>
      <statuscode>1</statuscode>
    </connectionreference>
    <connectionreference connectionreferencelogicalname="bm_AbsenceManager">
      <connectionreferencedisplayname>AbsenceManager</connectionreferencedisplayname>
      <connectorid>/providers/Microsoft.PowerApps/apis/shared_sharepointonline</connectorid>
      <iscustomizable>1</iscustomizable>
      <promptingbehavior>0</promptingbehavior>
      <statecode>0</statecode>
      <statuscode>1</statuscode>
    </connectionreference>
    <connectionreference connectionreferencelogicalname="mapa_sharedapprovals_68bd8">
      <connectionreferencedisplayname>Approvals Absence Manager</connectionreferencedisplayname>
      <connectorid>/providers/Microsoft.PowerApps/apis/shared_approvals</connectorid>
      <iscustomizable>1</iscustomizable>
      <promptingbehavior>0</promptingbehavior>
      <statecode>0</statecode>
      <statuscode>1</statuscode>
    </connectionreference>
    <connectionreference connectionreferencelogicalname="mapa_sharedoffice365_43bcd">
      <connectionreferencedisplayname>Office 365 Outlook Solucjatestowa-43bcd</connectionreferencedisplayname>
      <connectorid>/providers/Microsoft.PowerApps/apis/shared_office365</connectorid>
      <iscustomizable>1</iscustomizable>
      <promptingbehavior>0</promptingbehavior>
      <statecode>0</statecode>
      <statuscode>1</statuscode>
    </connectionreference>
  </connectionreferences>
  <Languages>
    <Language>1033</Language>
  </Languages>
</ImportExportXml>