{
  "properties": {
    "connectionReferences": {
      "shared_sharepointonline": {
        "runtimeSource": "invoker",
        "connection": {
          "connectionReferenceLogicalName": "mapa_sharedsharepointonline_66d7f"
        },
        "api": {
          "name": "shared_sharepointonline"
        }
      },
      "shared_approvals": {
        "runtimeSource": "invoker",
        "connection": {
          "connectionReferenceLogicalName": "mapa_sharedapprovals_68bd8"
        },
        "api": {
          "name": "shared_approvals"
        }
      }
    },
    "definition": {
      "$schema": "https://schema.management.azure.com/providers/Microsoft.Logic/schemas/2016-06-01/workflowdefinition.json#",
      "contentVersion": "1.0.0.0",
      "parameters": {
        "$connections": {
          "defaultValue": {},
          "type": "Object"
        },
        "$authentication": {
          "defaultValue": {},
          "type": "SecureObject"
        },
        "EmailAdmin (bm_EmailAdmin)": {
          "defaultValue": "BarbaraMirska@barbaramirska1.onmicrosoft.com",
          "type": "String",
          "metadata": {
            "schemaName": "bm_EmailAdmin"
          }
        },
        "AbsenceManagerPortfolioSite (bm_AbsenceManagerPortfolioSite)": {
          "defaultValue": "https://barbaramirska1.sharepoint.com/sites/AbsenceManager",
          "type": "String",
          "metadata": {
            "schemaName": "bm_AbsenceManagerPortfolioSite"
          }
        },
        "AbsenceManagerList (bm_AbsenceManagerList)": {
          "defaultValue": "44e11a4f-65eb-499e-8d23-a40e50217e9e",
          "type": "String",
          "metadata": {
            "schemaName": "bm_AbsenceManagerList"
          }
        }
      },
      "triggers": {
        "manual": {
          "metadata": {
            "operationMetadataId": "c403d2dd-63e8-4d34-92f5-0eebf48f07c0"
          },
          "type": "Request",
          "kind": "PowerAppV2",
          "inputs": {
            "schema": {
              "type": "object",
              "properties": {
                "number": {
                  "title": "ID",
                  "type": "number",
                  "x-ms-dynamically-added": true,
                  "description": "Please enter a number",
                  "x-ms-content-hint": "NUMBER"
                }
              },
              "required": [
                "number"
              ]
            }
          }
        }
      },
      "actions": {
        "Get_item": {
          "runAfter": {},
          "metadata": {
            "operationMetadataId": "76dccadf-fe08-44a5-b5cd-7fe60804abd9"
          },
          "type": "OpenApiConnection",
          "inputs": {
            "host": {
              "connectionName": "shared_sharepointonline",
              "operationId": "GetItem",
              "apiId": "/providers/Microsoft.PowerApps/apis/shared_sharepointonline"
            },
            "parameters": {
              "dataset": "@parameters('AbsenceManagerPortfolioSite (bm_AbsenceManagerPortfolioSite)')",
              "table": "@parameters('AbsenceManagerList (bm_AbsenceManagerList)')",
              "id": "@triggerBody()['number']"
            },
            "authentication": "@parameters('$authentication')"
          }
        },
        "Start_and_wait_for_an_approval": {
          "runAfter": {
            "Get_item": [
              "Succeeded"
            ]
          },
          "metadata": {
            "operationMetadataId": "a915eff4-6b8d-4fdd-8abc-ff9870d51eae"
          },
          "type": "OpenApiConnectionWebhook",
          "inputs": {
            "host": {
              "connectionName": "shared_approvals",
              "operationId": "StartAndWaitForAnApproval",
              "apiId": "/providers/Microsoft.PowerApps/apis/shared_approvals"
            },
            "parameters": {
              "approvalType": "Basic",
              "WebhookApprovalCreationInput/title": "Hello please approve the request",
              "WebhookApprovalCreationInput/assignedTo": "@{parameters('EmailAdmin (bm_EmailAdmin)')};",
              "WebhookApprovalCreationInput/enableNotifications": true,
              "WebhookApprovalCreationInput/enableReassignment": true
            },
            "authentication": "@parameters('$authentication')"
          }
        },
        "Condition_2": {
          "actions": {
            "Update_item_3": {
              "runAfter": {},
              "metadata": {
                "operationMetadataId": "d0203276-340d-4b98-8e64-e3aecc51a134"
              },
              "type": "OpenApiConnection",
              "inputs": {
                "host": {
                  "connectionName": "shared_sharepointonline",
                  "operationId": "PatchItem",
                  "apiId": "/providers/Microsoft.PowerApps/apis/shared_sharepointonline"
                },
                "parameters": {
                  "dataset": "@parameters('AbsenceManagerPortfolioSite (bm_AbsenceManagerPortfolioSite)')",
                  "table": "@parameters('AbsenceManagerList (bm_AbsenceManagerList)')",
                  "id": "@triggerBody()['number']",
                  "item/Status/Value": "Approved"
                },
                "authentication": "@parameters('$authentication')"
              }
            }
          },
          "runAfter": {
            "Start_and_wait_for_an_approval": [
              "Succeeded"
            ]
          },
          "else": {
            "actions": {
              "Update_item_4": {
                "runAfter": {},
                "metadata": {
                  "operationMetadataId": "5c3b362f-ccc0-4d11-ac1d-c38ca863852c"
                },
                "type": "OpenApiConnection",
                "inputs": {
                  "host": {
                    "connectionName": "shared_sharepointonline",
                    "operationId": "PatchItem",
                    "apiId": "/providers/Microsoft.PowerApps/apis/shared_sharepointonline"
                  },
                  "parameters": {
                    "dataset": "@parameters('AbsenceManagerPortfolioSite (bm_AbsenceManagerPortfolioSite)')",
                    "table": "@parameters('AbsenceManagerList (bm_AbsenceManagerList)')",
                    "id": "@triggerBody()['number']",
                    "item/Status/Value": "Rejected"
                  },
                  "authentication": "@parameters('$authentication')"
                }
              }
            }
          },
          "expression": {
            "equals": [
              "@outputs('Start_and_wait_for_an_approval')?['body/outcome']",
              "Approve"
            ]
          },
          "metadata": {
            "operationMetadataId": "53a8b5ef-0d1a-4b76-a815-93c12c67f57d"
          },
          "type": "If"
        }
      }
    },
    "templateName": ""
  },
  "schemaVersion": "1.0.0.0"
}