<ImportExportXml xmlns:xsi="http://www.w3.org/2001/XMLSchema-instance" OrganizationVersion="9.2.25014.216" OrganizationSchemaType="Standard" CRMServerServiceabilityVersion="9.2.25021.00196">
  <Entities></Entities>
  <Roles></Roles>
  <Workflows>
    <Workflow WorkflowId="{510f181a-34f8-ef11-bae2-000d3ab09154}" Name="ApprovalAbsenseManager">
      <JsonFileName>/Workflows/ApprovalAbsenseManager-510F181A-34F8-EF11-BAE2-000D3AB09154.json</JsonFileName>
      <Type>1</Type>
      <Subprocess>0</Subprocess>
      <Category>5</Category>
      <Mode>0</Mode>
      <Scope>4</Scope>
      <OnDemand>0</OnDemand>
      <TriggerOnCreate>0</TriggerOnCreate>
      <TriggerOnDelete>0</TriggerOnDelete>
      <AsyncAutodelete>0</AsyncAutodelete>
      <SyncWorkflowLogOnFailure>0</SyncWorkflowLogOnFailure>
      <StateCode>1</StateCode>
      <StatusCode>2</StatusCode>
      <RunAs>1</RunAs>
      <IsTransacted>1</IsTransacted>
      <IntroducedVersion>1.0</IntroducedVersion>
      <IsCustomizable>1</IsCustomizable>
      <BusinessProcessType>0</BusinessProcessType>
      <IsCustomProcessingStepAllowedForOtherPublishers>1</IsCustomProcessingStepAllowedForOtherPublishers>
      <PrimaryEntity>none</PrimaryEntity>
      <LocalizedNames>
        <LocalizedName languagecode="1033" description="ApprovalAbsenseManager" />
      </LocalizedNames>
    </Workflow>
  </Workflows>
  <FieldSecurityProfiles></FieldSecurityProfiles>
  <Templates />
  <EntityMaps />
  <EntityRelationships />
  <OrganizationSettings />
  <optionsets />
  <CustomControls />
  <EntityDataProviders />
  <CanvasApps>
    <CanvasApp>
      <Name>bm_absencemanagerportfoliosolution_1c24b</Name>
      <AppVersion>2025-03-03T14:22:54Z</AppVersion>
      <Status>Ready</Status>
      <CreatedByClientVersion>3.25023.6.0</CreatedByClientVersion>
      <MinClientVersion>3.25023.6.0</MinClientVersion>
      <Tags>{"primaryDeviceWidth":"1535","primaryDeviceHeight":"723","supportsPortrait":"true","supportsLandscape":"true","primaryFormFactor":"Tablet","showStatusBar":"false","publisherVersion":"3.25023.6","minimumRequiredApiVersion":"2.2.0","hasComponent":"true","hasUnlockedComponent":"false","isUnifiedRootApp":"false","sienaVersion":"20250303T135622Z-3.25023.6.0"}</Tags>
      <IsCdsUpgraded>0</IsCdsUpgraded>
      <GalleryItemId xsi:nil="true"></GalleryItemId>
      <BackgroundColor>RGBA(0,176,240,1)</BackgroundColor>
      <DisplayName>Absence Manager - PortFolio- Solution</DisplayName>
      <Description xsi:nil="true"></Description>
      <CommitMessage xsi:nil="true"></CommitMessage>
      <Publisher xsi:nil="true"></Publisher>
      <AuthorizationReferences>[]</AuthorizationReferences>
      <ConnectionReferences>{"afaeeb5f-833b-4997-9375-472e5b5511f3":{"id":"/providers/microsoft.powerapps/apis/shared_sharepointonline","displayName":"SharePoint","iconUri":"https://conn-afd-prod-endpoint-bmc9bqahasf3grgk.b01.azurefd.net/releases/v1.0.1732/1.0.1732.4070/sharepointonline/icon.png","dataSources":["AbsenceManagerList","AbsenceManagerPortfolioTypes"],"dependencies":[],"dependents":["6ae7c179-67a6-476c-9ecb-955d4b87fd16"],"parameterHints":{},"parameterHintsV2":{},"isOnPremiseConnection":false,"bypassConsent":false,"dataSets":{"https://barbaramirska1.sharepoint.com/sites/AbsenceManager_bm_AbsenceManagerPortfolioSite":{"datasetOverride":{"name":"https://barbaramirska1.sharepoint.com/sites/AbsenceManager","environmentVariableName":"bm_AbsenceManagerPortfolioSite"},"dataSources":{"AbsenceManagerList":{"tableName":"44e11a4f-65eb-499e-8d23-a40e50217e9e","tableNameOverride":{"name":"44e11a4f-65eb-499e-8d23-a40e50217e9e","environmentVariableName":"bm_AbsenceManagerList"}},"AbsenceManagerPortfolioTypes":{"tableName":"b56d0b02-ba28-4a08-8aec-a18bf8b5f48f","tableNameOverride":{"name":"b56d0b02-ba28-4a08-8aec-a18bf8b5f48f","environmentVariableName":"bm_AbsenceManagerPortfolioTypes"}}}}},"apiTier":"Standard","actions":["providers/PowerPlatform.Governance/Operations/Read","providers/PowerPlatform.Governance/Operations/Write"]},"af6a2e85-4c7a-46c6-86ab-9167dea48dba":{"id":"/providers/microsoft.powerapps/apis/shared_office365users","displayName":"Office 365 Users","iconUri":"https://conn-afd-prod-endpoint-bmc9bqahasf3grgk.b01.azurefd.net/releases/v1.0.1732/1.0.1732.4070/office365users/icon.png","dataSources":["Office365Users"],"dependencies":[],"dependents":[],"parameterHints":{},"parameterHintsV2":{},"isOnPremiseConnection":false,"bypassConsent":false,"dataSets":{},"apiTier":"Standard","actions":["MyProfile_V2","Manager_V2"]},"65446f91-a2ff-428e-9e0b-d5448b584564":{"id":"/providers/microsoft.powerapps/apis/shared_office365","displayName":"Office 365 Outlook","iconUri":"https://conn-afd-prod-endpoint-bmc9bqahasf3grgk.b01.azurefd.net/releases/v1.0.1722/1.0.1722.3975/office365/icon.png","dataSources":["Office365Outlook"],"dependencies":[],"dependents":[],"parameterHints":{},"parameterHintsV2":{},"isOnPremiseConnection":false,"bypassConsent":false,"dataSets":{},"apiTier":"Standard"},"6ae7c179-67a6-476c-9ecb-955d4b87fd16":{"id":"/providers/microsoft.powerapps/apis/shared_logicflows","displayName":"Logic flows","iconUri":"https://conn-afd-prod-endpoint-bmc9bqahasf3grgk.b01.azurefd.net/releases/v1.0.1725/1.0.1725.4004/logicflows/icon.png","dataSources":["ApprovalAbsenseManager"],"dependencies":["afaeeb5f-833b-4997-9375-472e5b5511f3","3925bad9-2397-4c23-bae1-799ef3d2a03d"],"dependents":[],"parameterHints":{"workflowName":{"value":"24a7afde-65c4-4f69-944a-1494b18866f4"},"workflowEntityId":{"value":"510f181a-34f8-ef11-bae2-000d3ab09154"},"workflowDisplayName":{"value":"ApprovalAbsenseManager"},"afaeeb5f-833b-4997-9375-472e5b5511f3":{"value":"shared_sharepointonline"},"3925bad9-2397-4c23-bae1-799ef3d2a03d":{"value":"shared_approvals"}},"parameterHintsV2":{"workflowName":{"value":"24a7afde-65c4-4f69-944a-1494b18866f4"},"workflowEntityId":{"value":"510f181a-34f8-ef11-bae2-000d3ab09154"},"workflowDisplayName":{"value":"ApprovalAbsenseManager"},"shared_sharepointonline":{"value":"afaeeb5f-833b-4997-9375-472e5b5511f3"},"shared_approvals":{"value":"3925bad9-2397-4c23-bae1-799ef3d2a03d"}},"isOnPremiseConnection":false,"bypassConsent":false,"dataSets":{},"apiTier":"Standard","actions":["Run"]},"3925bad9-2397-4c23-bae1-799ef3d2a03d":{"id":"/providers/microsoft.powerapps/apis/shared_approvals","displayName":"Approvals","iconUri":"https://conn-afd-prod-endpoint-bmc9bqahasf3grgk.b01.azurefd.net/releases/v1.0.1732/1.0.1732.4070/approvals/icon.png","dataSources":[],"dependencies":[],"dependents":["6ae7c179-67a6-476c-9ecb-955d4b87fd16"],"parameterHints":{},"parameterHintsV2":{},"isOnPremiseConnection":false,"bypassConsent":false,"dataSets":{},"apiTier":"Standard"}}</ConnectionReferences>
      <DatabaseReferences>{}</DatabaseReferences>
      <AppComponents>[]</AppComponents>
      <AppComponentDependencies>[]</AppComponentDependencies>
      <CanConsumeAppPass>0</CanConsumeAppPass>
      <CanvasAppType>0</CanvasAppType>
      <BypassConsent>0</BypassConsent>
      <AdminControlBypassConsent>0</AdminControlBypassConsent>
      <EmbeddedApp xsi:nil="true"></EmbeddedApp>
      <IntroducedVersion>1.0</IntroducedVersion>
      <CdsDependencies>{"cdsdependencies":[{"dependencyid":"510f181a-34f8-ef11-bae2-000d3ab09154","componenttype":29,"componenttypeplatformname":"Workflow"},{"logicalname":"bm_AbsenceManagerPortfolioSite","componenttype":380,"componenttypeplatformname":"EnvironmentVariableDefinition"},{"logicalname":"bm_AbsenceManagerList","componenttype":380,"componenttypeplatformname":"EnvironmentVariableDefinition"},{"logicalname":"bm_AbsenceManagerPortfolioTypes","componenttype":380,"componenttypeplatformname":"EnvironmentVariableDefinition"}]}</CdsDependencies>
      <IsCustomizable>1</IsCustomizable>
      <BackgroundImageUri>/CanvasApps/bm_absencemanagerportfoliosolution_1c24b_BackgroundImageUri</BackgroundImageUri>
      <DocumentUri>/CanvasApps/bm_absencemanagerportfoliosolution_1c24b_DocumentUri.msapp</DocumentUri>
      <AdditionalUris>
        <AdditionalUri>/CanvasApps/bm_absencemanagerportfoliosolution_1c24b_AdditionalUris0_identity.json</AdditionalUri>
      </AdditionalUris>
    </CanvasApp>
  </CanvasApps>
  <connectionreferences>
    <connectionreference connectionreferencelogicalname="bm_365Users">
      <connectionreferencedisplayname>365Users</connectionreferencedisplayname>
      <connectorid>/providers/Microsoft.PowerApps/apis/shared_office365users</connectorid>
      <iscustomizable>1</iscustomizable>
      <promptingbehavior>0</promptingbehavior>
      <statecode>0</statecode>
      <statuscode>1</statuscode>
    </connectionreference>
    <connectionreference connectionreferencelogicalname="mapa_sharedapprovals_68bd8">
      <connectionreferencedisplayname>Approvals Absence Manager</connectionreferencedisplayname>
      <connectorid>/providers/Microsoft.PowerApps/apis/shared_approvals</connectorid>
      <iscustomizable>1</iscustomizable>
      <promptingbehavior>0</promptingbehavior>
      <statecode>0</statecode>
      <statuscode>1</statuscode>
    </connectionreference>
    <connectionreference connectionreferencelogicalname="mapa_sharedsharepointonline_66d7f">
      <connectionreferencedisplayname>SharePoint Absence Manager2</connectionreferencedisplayname>
      <connectorid>/providers/Microsoft.PowerApps/apis/shared_sharepointonline</connectorid>
      <iscustomizable>1</iscustomizable>
      <promptingbehavior>0</promptingbehavior>
      <statecode>0</statecode>
      <statuscode>1</statuscode>
    </connectionreference>
  </connectionreferences>
  <Languages>
    <Language>1033</Language>
  </Languages>
</ImportExportXml>